{
    "model_name": "Animal Species Audio Classifier",
    "num_classes": 10,
    "species": [
        "Bird",
        "Cat",
        "Chicken",
        "Cow",
        "Dog",
        "Donkey",
        "Frog",
        "Lion",
        "Monkey",
        "Sheep"
    ],
    "sample_rate": 22050,
    "duration": 3,
    "input_shape": [
        128,
        130,
        1
    ],
    "test_accuracy": 0.9806950092315674,
    "tflite_accuracy": 0.9845559845559846,
    "model_size_mb": 0.7948379516601562,
    "tflite_size_mb": 0.2174224853515625,
    "inference_time_ms": 13.333797454833984,
    "total_parameters": 208362
}