{
  "Lion": {
    "common_name": "Lion",
    "scientific_name": "Panthera leo",
    "summary": "The lion is a large cat of the genus Panthera native to Africa and India. Known as the \"king of the jungle,\" lions are apex predators with distinctive manes in males.",
    "weight_range": "120-250 kg (264-550 lbs)",
    "lifespan": "10-14 years in wild",
    "diet": "Carnivore (large ungulates)",
    "conservation_status": "Vulnerable",
    "personality": "Social and cooperative. Lions live in prides and are the only cats that hunt cooperatively. Males are territorial and protective.",
    "habitat": "Savannas, grasslands, and open woodlands in sub-Saharan Africa and a small population in India.",
    "fun_fact": "A lion's roar can be heard from up to 8 kilometers (5 miles) away and serves to establish territory.",
    "likes": "Hunting in groups, resting in shade, social grooming with pride members",
    "dislikes": "Hyenas (competitors), water (though they can swim), extreme heat",
    "population_trend": "Decreasing",
    "threats": "Habitat loss, human-wildlife conflict, prey depletion"
  },
  "Cat": {
    "common_name": "Domestic Cat",
    "scientific_name": "Felis catus",
    "summary": "The domestic cat is a small carnivorous mammal that has been domesticated for thousands of years. They are valued for companionship and pest control.",
    "weight_range": "3.6-4.5 kg (8-10 lbs)",
    "lifespan": "12-18 years",
    "diet": "Carnivore (small prey, commercial cat food)",
    "conservation_status": "Domesticated",
    "personality": "Independent yet affectionate. Cats are curious, territorial, and have strong hunting instincts even when well-fed.",
    "habitat": "Worldwide in human homes and urban/rural environments.",
    "fun_fact": "Cats spend 70% of their lives sleeping, which equals about 13-16 hours a day.",
    "likes": "High perches, boxes, hunting toys, warm spots, routine",
    "dislikes": "Citrus smells, loud noises, water (most cats), unfamiliar people",
    "population_trend": "Stable",
    "threats": "None (domesticated species)"
  },
  "Bird": {
    "common_name": "Common Bird Species",
    "scientific_name": "Aves (class)",
    "summary": "Birds are warm-blooded vertebrates characterized by feathers, beaks, and the laying of hard-shelled eggs. They are found in diverse habitats worldwide.",
    "weight_range": "Varies greatly (2g - 150kg)",
    "lifespan": "3-100+ years depending on species",
    "diet": "Omnivore/Carnivore/Herbivore (species-dependent)",
    "conservation_status": "Varies by species",
    "personality": "Highly variable. Many are social, intelligent, and territorial. Some species form lifelong pair bonds.",
    "habitat": "All ecosystems worldwide from polar regions to tropical forests.",
    "fun_fact": "The Arctic Tern has the longest migration of any bird, traveling roughly 70,900 kilometers (44,000 miles) annually.",
    "likes": "Singing/calling, bathing, foraging, building nests",
    "dislikes": "Predators, extreme weather, habitat disturbance",
    "population_trend": "Mixed (varies by species)",
    "threats": "Habitat loss, climate change, pollution, invasive species"
  },
  "Dog": {
    "common_name": "Domestic Dog",
    "scientific_name": "Canis familiaris",
    "summary": "The domestic dog is a member of the genus Canis (canines), which forms part of the wolf-like canids. Dogs were the first species to be domesticated.",
    "weight_range": "1-90 kg (2-200 lbs) depending on breed",
    "lifespan": "10-13 years on average",
    "diet": "Omnivore (commercial dog food, meat, vegetables)",
    "conservation_status": "Domesticated",
    "personality": "Loyal, social, and eager to please. Dogs form strong bonds with humans and are highly trainable.",
    "habitat": "Worldwide in human homes and working environments.",
    "fun_fact": "A dog's sense of smell is 10,000 to 100,000 times more sensitive than humans.",
    "likes": "Playing fetch, walks, treats, attention from owners, other dogs",
    "dislikes": "Being alone, loud noises (thunder, fireworks), baths (many dogs)",
    "population_trend": "Stable",
    "threats": "None (domesticated species)"
  },
  "Cow": {
    "common_name": "Domestic Cattle",
    "scientific_name": "Bos taurus",
    "summary": "Cattle are large domesticated ungulates that are raised for milk, meat, and leather. They are social herd animals.",
    "weight_range": "500-1000 kg (1100-2200 lbs)",
    "lifespan": "15-20 years",
    "diet": "Herbivore (grass, hay, silage)",
    "conservation_status": "Domesticated",
    "personality": "Social and intelligent. Cattle form strong bonds within herds and have excellent memories.",
    "habitat": "Farms and ranches worldwide.",
    "fun_fact": "Cows have almost 360-degree panoramic vision and can see colors except red.",
    "likes": "Grazing, socializing with herd, grooming each other, routine",
    "dislikes": "Isolation, sudden movements, dogs, unfamiliar environments",
    "population_trend": "Stable",
    "threats": "None (domesticated species)"
  },
  "Monkey": {
    "common_name": "Monkey",
    "scientific_name": "Various families",
    "summary": "Monkeys are primates that typically have tails. They are highly intelligent, social animals found in tropical regions.",
    "weight_range": "0.1-35 kg depending on species",
    "lifespan": "10-50 years depending on species",
    "diet": "Omnivore (fruits, leaves, insects, small animals)",
    "conservation_status": "Varies (many endangered)",
    "personality": "Intelligent, curious, and social. They live in complex social groups with hierarchies.",
    "habitat": "Tropical forests, savannas, and mountainous regions in Africa, Asia, and South America.",
    "fun_fact": "Capuchin monkeys use tools like stones to crack open nuts and have been observed using medicinal plants.",
    "likes": "Grooming, playing, foraging, climbing, social interaction",
    "dislikes": "Predators, territorial conflicts, captivity",
    "population_trend": "Decreasing for many species",
    "threats": "Deforestation, illegal pet trade, hunting"
  },
  "Chicken": {
    "common_name": "Domestic Chicken",
    "scientific_name": "Gallus gallus domesticus",
    "summary": "The chicken is a domesticated fowl, a subspecies of the red junglefowl. They are raised for eggs and meat worldwide.",
    "weight_range": "1-4 kg (2-9 lbs)",
    "lifespan": "5-10 years",
    "diet": "Omnivore (grains, insects, seeds)",
    "conservation_status": "Domesticated",
    "personality": "Social with complex hierarchies (\"pecking order\"). They are curious and have good memories.",
    "habitat": "Farms worldwide.",
    "fun_fact": "Chickens can recognize over 100 different faces of their own species and can also recognize human faces.",
    "likes": "Dust bathing, scratching for food, roosting at night, socializing",
    "dislikes": "Predators, being picked up, extreme temperatures",
    "population_trend": "Stable",
    "threats": "None (domesticated species)"
  },
  "Donkey": {
    "common_name": "Donkey",
    "scientific_name": "Equus asinus",
    "summary": "The donkey is a domesticated member of the horse family. Known for their intelligence and sure-footedness.",
    "weight_range": "180-480 kg (400-1060 lbs)",
    "lifespan": "25-30 years",
    "diet": "Herbivore (grass, hay, straw)",
    "conservation_status": "Domesticated",
    "personality": "Intelligent, cautious, and strong-willed. Often mistaken for stubborn, but are actually careful and thinking animals.",
    "habitat": "Farms and arid regions worldwide.",
    "fun_fact": "Donkeys have an incredible memory and can recognize areas and other donkeys they haven't seen for up to 25 years.",
    "likes": "Routine, companionship, rolling in dust, gentle handling",
    "dislikes": "Being rushed, unfamiliar situations, predators",
    "population_trend": "Stable",
    "threats": "None (domesticated species)"
  },
  "Frog": {
    "common_name": "Frog",
    "scientific_name": "Anura (order)",
    "summary": "Frogs are amphibians characterized by their jumping ability, vocal calls, and life cycle from aquatic tadpole to terrestrial adult.",
    "weight_range": "0.5g - 3.3kg depending on species",
    "lifespan": "4-15 years depending on species",
    "diet": "Carnivore (insects, small invertebrates)",
    "conservation_status": "Varies (many endangered)",
    "personality": "Generally solitary except during breeding. Territorial with distinct calls.",
    "habitat": "Near freshwater bodies in various climates worldwide except Antarctica.",
    "fun_fact": "Some frog species can freeze solid during winter and thaw back to life in spring.",
    "likes": "Moist environments, hunting insects, calling/croaking, hiding",
    "dislikes": "Dry conditions, salt, pollution, habitat destruction",
    "population_trend": "Decreasing globally",
    "threats": "Habitat loss, disease (chytrid fungus), climate change, pollution"
  },
  "Sheep": {
    "common_name": "Domestic Sheep",
    "scientific_name": "Ovis aries",
    "summary": "Sheep are domesticated ruminant mammals raised for wool, meat, and milk. They have strong flocking instincts.",
    "weight_range": "45-160 kg (100-350 lbs)",
    "lifespan": "10-12 years",
    "diet": "Herbivore (grass, hay, vegetation)",
    "conservation_status": "Domesticated",
    "personality": "Social animals with strong flocking behavior. They are intelligent and can recognize human faces.",
    "habitat": "Farms and pastures worldwide.",
    "fun_fact": "Sheep have excellent memories and can remember at least 50 individual sheep and 10 human faces for years.",
    "likes": "Grazing, staying with flock, routine, familiar surroundings",
    "dislikes": "Being isolated, predators, unfamiliar dogs, being on their back",
    "population_trend": "Stable",
    "threats": "None (domesticated species)"
  }
}